<?xml version="1.0"?>
            <!DOCTYPE hibernate-mapping PUBLIC
                "-//Hibernate/Hibernate Mapping DTD 3.0//EN"
                "http://hibernate.sourceforge.net/hibernate-mapping-3.0.dtd">
 
<hibernate-mapping>
	<class name="com.dory.proffessional.ProffessionalBean" table="member_job_detail">
	
		<id name="jobid" column="memberjobid" type="int">
			<generator class="increment" />
		</id>
		
	
		<property name="memberid" type="integer" column="memberid" />
	<property name="occupation" type="string" column="occupation" />
	<property name="companyname" type="string" column="companyname" />
	<property name="officeno" type="string" column="officeno" />
	<property name="designation" type="string" column="designation" />
	
	<property name="jobcity" type="string" column="jobcity" />
	<property name="jobaddress" type="string" column="jobaddress" />
	<property name="remark" type="string" column="remark" />
	<property name="visibility" type="string" column="visibility" />
	
	</class>
 
</hibernate-mapping>