<?xml version="1.0"?>
            <!DOCTYPE hibernate-mapping PUBLIC
                "-//Hibernate/Hibernate Mapping DTD 3.0//EN"
                "http://hibernate.sourceforge.net/hibernate-mapping-3.0.dtd">
 
<hibernate-mapping>
	<class name="com.dory.familysearch.FamilysearchBean" table="family_detail">
	
		<id name="familyid" column="familyid" type="int">
			<generator class="increment" />
		</id>
		<property name="familyname" type="string" column="familyname" />	
	<property name="familyno" type="string" column="familyno" />
	<property name="description" type="string" column="description" />
		<property name="familyadmin" type="int" column="familyadmin" />
	<property name="createdby" type="int" column="createdby" />
	</class>
 
</hibernate-mapping>