<?xml version="1.0"?>
<!DOCTYPE hibernate-mapping PUBLIC
	"-//Hibernate/Hibernate Mapping DTD 3.0//EN"
	"http://hibernate.sourceforge.net/hibernate-mapping-3.0.dtd">
<hibernate-mapping>

<class name="com.dory.memberprofile.ProfileBean" table="member_profile" >
    <id name="memberid" column="memberid" type="int">
       <generator class="increment" /> 
    </id>
    
  <property name="name" type="string" column="membername"/> 
  <property name="birthorder" type="int" column="birthorder"/>
  <property name="nickname" type="string" column="nickname" />
  <property name="birthplace" type="string" column="birthplace" />
  <property name="birthstate" type="string" column="birthstate" />
  <property name="birthcountry" type="string" column="birthcountry" />
  <property name="sex" type="string" column="sex" />
  <property name="status" type="string" column="currentstatus" />
  <property name="address" type="string" column="address" />
  <property name="dob" column="dob" />
  <property name="basefamilyid" column="basefamilyid" />
  <property name="houseid" column="houseid" />
  <property name="membernumber" column="membernumber" />
  <property name="fathername" column="fathername" />
  <property name="mothername" column="mothername" />
  <property name="visibility"  column="visibility"/>
    
 </class>
 
</hibernate-mapping>