<?xml version="1.0"?>
<!DOCTYPE hibernate-mapping PUBLIC
	"-//Hibernate/Hibernate Mapping DTD 3.0//EN"
	"http://hibernate.sourceforge.net/hibernate-mapping-3.0.dtd">
<hibernate-mapping>
<class name="com.dory.scrapbook.ScrapBean" table="scrapbook_details" >
    <id name="scrapid" column="scrapbookid" type="int">
       <generator class="increment" /> 
    </id>
    
  <property name="scrap" type="string" column="scraptext"/> 
  <property name="sentto" type="int" column="sentto"/> 
  <property name="visibility" type="string" column="visibility"/> 
  <property name="posteddate" column="posteddate"/>
    
  <many-to-one cascade="all" class="com.dory.memberprofile.ProfileBean" column="sentby" name="profiles" not-null="false"/>
 </class>
	
</hibernate-mapping>
