<?xml version="1.0"?>
<!DOCTYPE hibernate-mapping PUBLIC
	"-//Hibernate/Hibernate Mapping DTD 3.0//EN"
	"http://hibernate.sourceforge.net/hibernate-mapping-3.0.dtd">
<hibernate-mapping>
<class name="com.dory.login.LoginBean" table="member_login" >
    <id name="loginid" column="loginid" type="int">
       <generator class="increment" /> 
    </id>
    
  <property name="memberid" type="int" column="memberid"/> 
  <property name="uname" type="string" column="username"/> 
  <property name="pass" type="string" column="password"/> 
  <property name="usertype" type="string" column="usertype"/> 
  <property name="isactive" type="int" column="isactive"/> 
  <property name="remark" type="string" column="remark"/> 
 </class>
	
</hibernate-mapping>
