<?xml version="1.0"?>
<!DOCTYPE hibernate-mapping PUBLIC
	"-//Hibernate/Hibernate Mapping DTD 3.0//EN"
	"http://hibernate.sourceforge.net/hibernate-mapping-3.0.dtd">
<hibernate-mapping>

<class name="com.dory.tree.RelationsBean" table="member_relations">
    <id  name="relationid" type="int" column="relationid">
      <generator class="increment"/>
    </id>
	
     <property name="fatherid" type="int" column="fatherid"/> 
     <property name="motherid" type="int" column="motherid"/> 
     <property name="spouseid" type="int" column="spouseid"/> 
     <property name="relationshipid" type="int" column="relationshipid"/> 
          
     <many-to-one cascade="all" class="com.dory.tree.FamilyBean" column="familyid" name="family" not-null="false"/>
     <many-to-one cascade="all" class="com.dory.memberprofile.ProfileBean" column="memberid" name="profile" not-null="false"/>
  </class>
  
</hibernate-mapping>