<?xml version="1.0"?>
<!DOCTYPE hibernate-mapping PUBLIC "-//Hibernate/Hibernate Mapping DTD 3.0//EN"
                                   "http://hibernate.sourceforge.net/hibernate-mapping-3.0.dtd">
<hibernate-mapping>
 <class name="com.dory.tree.Relation2Bean" table="member_relations">
  <id column="relationid" name="relationid" type="int">
   <generator class="increment"/>
  </id>
  <property column="fatherid" name="fatherid" type="int"/>
   
  <property column="motherid" name="motherid" type="int"/>
   
  <property column="spouseid" name="spouseid" type="int"/>
   
  <property column="memberid" name="memberid" type="int"/>
   
  <property column="familyid" name="familyid" type="int"/>
   
  <property column="relationshipid" name="relatshipid" type="int"/>
 </class>
</hibernate-mapping>
