<?xml version="1.0" encoding="UTF-8"?>
<!DOCTYPE hibernate-configuration PUBLIC "-//Hibernate/Hibernate Configuration DTD 3.0//EN" "http://hibernate.sourceforge.net/hibernate-configuration-3.0.dtd">
<hibernate-configuration>
  <session-factory>
    <property name="hibernate.dialect">org.hibernate.dialect.MySQLDialect</property>
    <property name="hibernate.connection.driver_class">com.mysql.jdbc.Driver</property>
     <property name="hibernate.connection.url">jdbc:mysql://localhost:3306/familytree</property>
	     <property name="hibernate.connection.username">root</property> 
	     <property name="hibernate.connection.password">dory</property>
	     
    
   <mapping resource="com/dory/favourites/favourites.hbm.xml"/>
	<mapping resource="com/dory/aboutme/about.hbm.xml"/>
	<mapping resource="com/dory/contact/contacts.hbm.xml"/>
	<mapping resource="com/dory/personal/personal.hbm.xml"/>
	<mapping resource="com/dory/mygroup/mygroup.hbm.xml"/>
	<mapping resource="com/dory/mygroup/groupmember.hbm.xml"/>
	<mapping resource="com/dory/mygroup/Groupmembersd.hbm.xml"/>
	<mapping resource="com/dory/proffessional/proffessional.hbm.xml"/>
	<mapping resource="com/dory/memberprofile/profile.hbm.xml"/>
	<mapping resource="com/dory/newsletter/newsletter.hbm.xml"/>
	<mapping resource="com/dory/newsdelete/Newsdelete.hbm.xml"/>
	<!--============================community=========================== -->
	<mapping resource="com/dory/community/createcommunity.hbm.xml"/>
	<mapping resource="com/dory/community/communitymember.hbm.xml"/>
	<mapping resource="com/dory/community/create2.hbm.xml"/>
	<mapping resource="com/dory/community/Communitycheck.hbm.xml"/>
    <mapping resource="com/dory/community/Viewrequest.hbm.xml"/>
    <mapping resource="com/dory/community/Membername11.hbm.xml"/>
	<!--============================community=========================== -->
	<mapping resource="com/dory/login/login.hbm.xml"/>
	<mapping resource="com/dory/login/Membernumber.hbm.xml"/> 
	
	<mapping resource="com/dory/house/house.hbm.xml"/>
	<mapping resource="com/dory/house/countrylist.hbm.xml"/>
	<mapping resource="com/dory/educational/educational.hbm.xml"/>
	<!--============================invitation=========================== -->
	<mapping resource="com/dory/invitation/invitation.hbm.xml"/>
    <mapping resource="com/dory/invitation/reciveinvitation.hbm.xml"/>
    <mapping resource="com/dory/invitation/displaygroup.hbm.xml"/>
    <mapping resource="com/dory/invitation/displaygroupmembers.hbm.xml"/>
    <mapping resource="com/dory/invitation/displaymember.hbm.xml"/>
    <mapping resource="com/dory/invitation/displayfamily.hbm.xml"/>
    <mapping resource="com/dory/invitation/displayfamilymember.hbm.xml"/>

	<!--============================invitation=========================== -->
	
	 <mapping resource="com/dory/confidential/Confidential.hbm.xml"/>
	 <mapping resource="com/dory/confidential/Confidentialmain.hbm.xml"/>
	
	 <mapping resource="com/dory/scrapbook/scrapbook.hbm.xml"/>
	
	<!--============================discussionforum=========================== -->
	<mapping resource="com/dory/discussionforum/Discussionforum.hbm.xml"/>
	<mapping resource="com/dory/discussionforum/Discussionreply.hbm.xml"/>
	<mapping resource="com/dory/discussionforum/Memberprofile.hbm.xml"/> 
	<!--============================discussionforum=========================== -->
	
	<mapping resource="com/dory/reminder/reminder.hbm.xml"/>
	<mapping resource="com/dory/searchmember/searchmember.hbm.xml"/>
	<mapping resource="com/dory/searchgroup/searchgroup.hbm.xml"/>
	<mapping resource="com/dory/tree/family.hbm.xml"/>
	<mapping resource="com/dory/searchcommunity/searchcommunity.hbm.xml"/>
	<mapping resource="com/dory/superadminloginedit/superadminloginedit.hbm.xml"/>
	 <mapping resource="com/dory/deletediscussionforum/Deletediscussionforum.hbm.xml"/>
	<!--============================upesh=========================== -->
	
	<mapping resource="com/dory/displayinvitation/Displayinvitation.hbm.xml"/>
	<mapping resource="com/dory/displayinvitation/Invitation1.hbm.xml"/>
	<mapping resource="com/dory/displayinvitation/Membername.hbm.xml"/>
	
	<!--============================upesh===othermember=========================== -->
	 
	<mapping resource="com/dory/othermember/Othermember.hbm.xml"/> 
	<mapping resource="com/dory/othermember/Communitymember1.hbm.xml"/> 
    <mapping resource="com/dory/othermember/Othermembercontact.hbm.xml"/>
    <mapping resource="com/dory/othermember/Othermemcountry.hbm.xml"/>         
    <mapping resource="com/dory/othermember/Otherscrap.hbm.xml"/>
     <mapping resource="com/dory/othermember/Scrapsentby.hbm.xml"/>
   
   <!--============================upesh=========othermember================== -->
   
    <mapping resource="com/dory/manageallusers/managemember.hbm.xml"/> 
    <mapping resource="com/dory/memberbiodata/Biodata.hbm.xml"/>
    <mapping resource="com/dory/changepassword/Changepassword.hbm.xml"/>
    
   <!--============================add parent=========================== -->
    <mapping resource="com/dory/addparents/Memberid.hbm.xml"/> 

     <mapping resource="com/dory/addparents/Membersearch.hbm.xml"/>
         	<!--============================add parent=========================== -->
    <!--============================upesh=========================== -->
    <!--============================about me display in home page=========================== -->
	<mapping resource="com/dory/birthdayreminder/displayabout.hbm.xml"/> 
	
	<!--============================upesh=========================== -->
	<mapping resource="com/dory/familymanage/Familymanage.hbm.xml"/>
	<!--============================FAMILY TREE=========================== -->
	
	<mapping resource="com/dory/tree/relations.hbm.xml"/>
        <mapping resource="com/dory/tree/relationdetail.hbm.xml"/>
        <mapping resource="com/dory/tree/relation2.hbm.xml"/>
        <mapping resource="com/dory/tree/relation.hbm.xml"/>
        <mapping resource="com/dory/tree/checksex.hbm.xml"/>
        

<!--============================Adopted child=========================== -->
	
	<mapping resource="com/dory/addadoptedchild/Addnewrelation.hbm.xml"/>

	

	<!--============================FAMILY Details=========================== -->
	<mapping resource="com/dory/familydetails/Familydetails.hbm.xml"/>
	<mapping resource="com/dory/familysearch/Familysearch.hbm.xml"/>
	
	<!--<mapping resource="com/dory/diocesedit/dioceseedit.hbm.xml" />-->
    
    
	</session-factory>
 
</hibernate-configuration>
								
