<?xml version="1.0"?>
            <!DOCTYPE hibernate-mapping PUBLIC
                "-//Hibernate/Hibernate Mapping DTD 3.0//EN"
                "http://hibernate.sourceforge.net/hibernate-mapping-3.0.dtd">
 
<hibernate-mapping>
	<class name="com.dory.favourites.FavouritesBean" table="member_favourites">
	
		<id name="favouriteid" column="favouriteid" type="int">
			<generator class="increment" />
		</id>
		
	<property name="memberid" type="integer" column="memberid" />
		<property name="activities" type="string" column="activities" />
	<property name="interests" type="string" column="interest" />
	<property name="movies" type="string" column="movies" />
	<property name="tvshows" type="string" column="tvshows" />
	<property name="music" type="string" column="music" />
	<property name="books" type="string" column="books" />
	<property name="sports" type="string" column="sports" />
	<property name="remark" type="string" column="remark" />
	<property name="hobbies" type="string" column="hobbies" />
	<property name="visibility" type="string" column="visibility" />
	</class>
 
</hibernate-mapping>