<?xml version="1.0"?>
            <!DOCTYPE hibernate-mapping PUBLIC
                "-//Hibernate/Hibernate Mapping DTD 3.0//EN"
                "http://hibernate.sourceforge.net/hibernate-mapping-3.0.dtd">
 
<hibernate-mapping>
	<class name="com.dory.aboutme.AboutBean" table="about_member">
	
		<id name="aboutid" column="aboutid" type="int">
			<generator class="increment" />
		</id>
		
	<property name="memberid" type="integer" column="memberid" />
		<property name="myself" type="string" column="aboutme" />
	<property name="achivements" type="string" column="achievements" />
	<property name="remark" type="string" column="remark" />
	<property name="visibility" type="string" column="visibility" />
	</class>
 
</hibernate-mapping>