<?xml version="1.0"?>
<!DOCTYPE hibernate-mapping PUBLIC
	"-//Hibernate/Hibernate Mapping DTD 3.0//EN"
	"http://hibernate.sourceforge.net/hibernate-mapping-3.0.dtd">
<hibernate-mapping>
<class name="com.dory.reminder.ReminderBean" table="member_reminders" >
    <id name="reminderid" column="reminderid" type="int">
       <generator class="increment" /> 
    </id>
    
  <property name="memberid" type="int" column="memberid"/> 
  <property name="remindertext" type="string" column="remindertext"/> 
  <property name="eventdate" type="date" column="eventdate"/> 
  <property name="reminderstartingdate" type="date" column="reminderstartingdate"/> 
  <property name="status" type="string" column="status"/> 
 </class>
	
</hibernate-mapping>
