<?xml version="1.0"?>
            <!DOCTYPE hibernate-mapping PUBLIC
                "-//Hibernate/Hibernate Mapping DTD 3.0//EN"
                "http://hibernate.sourceforge.net/hibernate-mapping-3.0.dtd">
 
<hibernate-mapping>
	<class name="com.dory.invitation.DisplaygroupmembersBean" table="group_members">
	
		<id name="groupmemberid" column="groupmemberid" type="int">
			<generator class="increment" />
		</id>
		
	<property name="groupid" type="integer" column="groupid" />
		
	<many-to-one cascade="all" class="com.dory.memberprofile.ProfileBean" name="profile" column="memberid" not-null="false" ></many-to-one>
	</class>
 
</hibernate-mapping>