<?xml version="1.0"?>
            <!DOCTYPE hibernate-mapping PUBLIC
                "-//Hibernate/Hibernate Mapping DTD 3.0//EN"
                "http://hibernate.sourceforge.net/hibernate-mapping-3.0.dtd">
 
<hibernate-mapping>
	<class name="com.dory.invitation.InvitationBean" table="invitations">
	
		<id name="invitationid" column="invitationid" type="int">
			<generator class="increment" />
		</id>
		
	<property name="memberid" type="integer" column="memberid" />
		<property name="subject" type="string" column="subject" />
	<property name="data" type="string" column="data" />
	<property name="senddate" type="date" column="sentdate" />
	
	</class>
 
</hibernate-mapping>