<?xml version="1.0"?>
            <!DOCTYPE hibernate-mapping PUBLIC
                "-//Hibernate/Hibernate Mapping DTD 3.0//EN"
                "http://hibernate.sourceforge.net/hibernate-mapping-3.0.dtd">
 
<hibernate-mapping>
	<class name="com.dory.superadminloginedit.SuperadminlogineditBean" table="member_login">
	
		<id name="loginid" column="loginid" type="int">
			<generator class="increment" />
		</id>
		
	<property name="memberid" type="integer" column="memberid" />
		<property name="username" type="string" column="username" />
	<property name="password" type="string" column="password" />
		<property name="usertype" type="string" column="usertype" />
	<property name="isactive" type="integer" column="isactive" />
	<property name="remark" type="string" column="remark" />
	</class>
 
</hibernate-mapping>