<?xml version="1.0"?>
            <!DOCTYPE hibernate-mapping PUBLIC
                "-//Hibernate/Hibernate Mapping DTD 3.0//EN"
                "http://hibernate.sourceforge.net/hibernate-mapping-3.0.dtd">
 
<hibernate-mapping>
	<class name="com.dory.newsdelete.NewsdeleteBean" table="newsletter">
	
		<id name="newsid" column="newsid" type="int">
			<generator class="increment" />
		</id>
	<property name="memberid" type="int" column="memberid" />
	<property name="subject" type="string" column="subject" />
	<property name="data" type="string" column="data" />
    <property name="sentdate"  column="sentdate" /> 
	</class>
 
</hibernate-mapping>