<?xml version="1.0"?>
            <!DOCTYPE hibernate-mapping PUBLIC
                "-//Hibernate/Hibernate Mapping DTD 3.0//EN"
                "http://hibernate.sourceforge.net/hibernate-mapping-3.0.dtd">
 
<hibernate-mapping>
	<class name="com.dory.othermember.Communitymember1Bean" table="community_members">
	
		<id name="communitymemberid" column="communitymemberid" type="int">
			<generator class="increment" />
		</id>
		
	<property name="communityid" type="integer" column="communityid" />
	<property name="memberid" type="integer" column="memberid" />
	<property name="status" type="string" column="status" />
	
	</class>
 
</hibernate-mapping>