<?xml version="1.0"?>
            <!DOCTYPE hibernate-mapping PUBLIC
                "-//Hibernate/Hibernate Mapping DTD 3.0//EN"
                "http://hibernate.sourceforge.net/hibernate-mapping-3.0.dtd">
 
<hibernate-mapping>
	<class name="com.dory.othermember.OthermemberscrapBean" table="scrapbook_details">
	
		<id name="scrapbookid" column="scrapbookid" type="int">
			<generator class="increment" />
		</id>
		
	<property name="sentby" type="int" column="sentby" />
		<property name="sentto" type="int" column="sentto" />
	<property name="posteddate" type="date" column="posteddate" />
	<property name="scraptext" type="string" column="scraptext" />
	<property name="visibility" type="string" column="visibility" />

	
	</class>
 
</hibernate-mapping>