<?xml version="1.0" encoding="UTF-8"?>
<!DOCTYPE hibernate-mapping PUBLIC
                "-//Hibernate/Hibernate Mapping DTD 3.0//EN"
                "http://hibernate.sourceforge.net/hibernate-mapping-3.0.dtd">
 
<hibernate-mapping>
	<class name="com.dory.othermember.OthermembercontactBean" table="member_contact_detail">
	
		<id name="contactid" column="contactid" type="int">
			<generator class="increment" />
		</id>
		
	<property name="memberid" type="int" column="memberid" />
		<property name="landlineno" type="string" column="landlineno" />
	<property name="mobileno" type="string" column="mobileno" />
	<property name="emailid" type="string" column="emailid" />
	<property name="remark" type="string" column="remark" />
	<property name="visibility" type="string" column="visibility" />
	
	</class>
 
</hibernate-mapping>

