<?xml version="1.0"?>
            <!DOCTYPE hibernate-mapping PUBLIC
                "-//Hibernate/Hibernate Mapping DTD 3.0//EN"
                "http://hibernate.sourceforge.net/hibernate-mapping-3.0.dtd">
 
<hibernate-mapping>
	<class name="com.dory.mygroup.GroupmembersdBean" table="group_members">
	
		<id name="groupmemberid" column="groupmemberid" type="int">
			<generator class="increment" />
		</id>
		
		<property name="memberid" type="int" column="memberid" />
	    <property name="groupid" type="integer" column="groupid" />
	    <property name="status" type="string" column="status" />
	</class>
 
</hibernate-mapping>