<?xml version="1.0"?>
            <!DOCTYPE hibernate-mapping PUBLIC
                "-//Hibernate/Hibernate Mapping DTD 3.0//EN"
                "http://hibernate.sourceforge.net/hibernate-mapping-3.0.dtd">
 
<hibernate-mapping>
	<class name="com.dory.mygroup.MygroupBean" table="groups">
	
		<id name="groupid" column="groupid" type="int">
			<generator class="increment" />
		</id>
		
		<property name="groupname" type="string" column="groupname" />
	    <property name="groupownerid" type="integer" column="groupowner" />
	    <property name="groupcategory" type="string" column="groupcategory" />
	    <property name="groupdesc" type="string" column="aboutgroup" />
	</class>
 
</hibernate-mapping>