<?xml version="1.0"?>
            <!DOCTYPE hibernate-mapping PUBLIC
                "-//Hibernate/Hibernate Mapping DTD 3.0//EN"
                "http://hibernate.sourceforge.net/hibernate-mapping-3.0.dtd">
 
<hibernate-mapping>
	<class name="com.dory.house.HouseBean" table="member_house_detail">
	
		<id name="houseid" column="houseid" type="int">
			<generator class="increment" />
		</id>
		
	 
		<property name="housename" type="string" column="housename" />
	
	
	<property name="city" type="string" column="city" />
	<property name="address" type="string" column="address" />
	
	<property name="status" type="string" column="status" />
	<property name="remark" type="string" column="remarks" />
	<property name="visibility" type="string" column="visibility" />
	</class>
 
</hibernate-mapping>