<?xml version="1.0"?>
            <!DOCTYPE hibernate-mapping PUBLIC
                "-//Hibernate/Hibernate Mapping DTD 3.0//EN"
                "http://hibernate.sourceforge.net/hibernate-mapping-3.0.dtd">
 
<hibernate-mapping>
	<class name="com.dory.memberbiodata.BiodataBean" table="member_profile">
	
		<id name="memberid" column="memberid" type="int">
			<generator class="increment" />
		</id>
		
		<property name="membername" type="string" column="membername" />
	<property name="nickname" type="string" column="nickname" />
	<property name="birthplace" type="string" column="birthplace" />
	<property name="birthstate" type="string" column="birthstate" />
	<property name="birthcountry" type="string" column="birthcountry" />
	<property name="visibility" type="int" column="visibility" />
	<property name="address" type="string" column="address" />
	<property name="sex" type="string" column="sex" />
	<property name="dob" type="date" column="dob" />
	<property name="currentstatus" type="string" column="currentstatus" />
	<property name="fathername" type="string" column="fathername" />
	<property name="mothername" type="string" column="mothername" />
	<property name="membernumber" type="string" column="membernumber" />
	<property name="birthorder" type="int" column="birthorder" />
	<property name="basefamilyid" type="int" column="basefamilyid" />
	<property name="houseid" type="int" column="houseid" />
	
	
	</class>
 
</hibernate-mapping>