<?xml version="1.0"?>
            <!DOCTYPE hibernate-mapping PUBLIC
                "-//Hibernate/Hibernate Mapping DTD 3.0//EN"
                "http://hibernate.sourceforge.net/hibernate-mapping-3.0.dtd">
 
<hibernate-mapping>
	<class name="com.dory.educational.EducationalBean" table="member_education">
	
		<id name="educationid" column="educationid" type="int">
			<generator class="increment" />
		</id>
		<property name="memberid" type="integer" column="memberid" />
	<property name="startyear" type="integer" column="startyear" />
		<property name="endyear" type="integer" column="endyear" />
	
	<property name="educationaltype" type="string" column="educationtype" />
	
	<property name="institutionname" type="string" column="institutename" />
	<property name="instituteplace" type="string" column="instituteplace" />
	<property name="institutestate" type="string" column="institutestate" />
	<property name="institutecountry" type="string" column="institutecountry" />
	<property name="remark" type="string" column="remark" />
	<property name="visibility" type="string" column="visibility" />
	</class>
 
</hibernate-mapping>