<?xml version="1.0"?>
            <!DOCTYPE hibernate-mapping PUBLIC
                "-//Hibernate/Hibernate Mapping DTD 3.0//EN"
                "http://hibernate.sourceforge.net/hibernate-mapping-3.0.dtd">
 
<hibernate-mapping>
	<class name="com.dory.manageallusers.ManageusersBean" table="member_profile">
	
		<id name="memberid" column="memberid" type="int">
			<generator class="increment" />
		</id>
		
	
		
	<property name="membername" type="string" column="membername" />
	<property name="nickname" type="string" column="nickname" />
	<property name="birthplace" type="string" column="birthplace" />
	<property name="fathername" type="string" column="fathername" />
	<property name="mothername" type="string" column="mothername" />
	<property name="membernumber" type="string" column="membernumber" />

	</class>
 
</hibernate-mapping>