<?xml version="1.0"?>
<!DOCTYPE hibernate-mapping PUBLIC
	"-//Hibernate/Hibernate Mapping DTD 3.0//EN"
	"http://hibernate.sourceforge.net/hibernate-mapping-3.0.dtd">
<hibernate-mapping>

<class name="com.dory.community.CommunitymemberBean" table="community_members">
	
		<id name="communitymemberid" column="communitymemberid" type="int">
			<generator class="increment" />
		</id>
		 
		<property name="status" type="string" column="status" />
	    
	    <many-to-one cascade="all" class="com.dory.community.CreatecommunityBean" name="create" column="communityid" not-null="false" ></many-to-one>
	    <many-to-one cascade="all" class="com.dory.memberprofile.ProfileBean" name="profile1" column="memberid" not-null="false" ></many-to-one>
	
	</class>
	
</hibernate-mapping>