<?xml version="1.0"?>
<!DOCTYPE hibernate-mapping PUBLIC
	"-//Hibernate/Hibernate Mapping DTD 3.0//EN"
	"http://hibernate.sourceforge.net/hibernate-mapping-3.0.dtd">
<hibernate-mapping>

<class name="com.dory.community.Create2Bean" table="community">
	
		<id name="communityid" column="communityid" type="int">
			<generator class="increment" />
		</id>
		
	<property name="memberid" type="int" column="createdby" />
	<property name="communityname" type="string" column="communityname" />
	<property name="community_description" type="string" column="aboutthecommunity" />
	<property name="category" type="string" column="category" />
	
	
	 
	</class>
</hibernate-mapping>