<?xml version="1.0"?>
            <!DOCTYPE hibernate-mapping PUBLIC
                "-//Hibernate/Hibernate Mapping DTD 3.0//EN"
                "http://hibernate.sourceforge.net/hibernate-mapping-3.0.dtd">
 
<hibernate-mapping>
	<class name="com.dory.community.CreatecommunityBean" table="community">
	
	<id name="communityid" column="communityid" type="int">
	 <generator class="increment" />
	</id>
	<property name="communityname" type="string" column="communityname" />
	<property name="community_description" type="string" column="aboutthecommunity" />
	<property name="category" type="string" column="category" />
	
	
	 <many-to-one cascade="all" class="com.dory.memberprofile.ProfileBean" name="profile" column="createdby" not-null="false" ></many-to-one>
	</class>
 
</hibernate-mapping>