<?xml version="1.0"?>
<!DOCTYPE hibernate-mapping PUBLIC
	"-//Hibernate/Hibernate Mapping DTD 3.0//EN"
	"http://hibernate.sourceforge.net/hibernate-mapping-3.0.dtd">
<hibernate-mapping>

<class name="com.dory.community.ViewrequestBean" table="community_members">
	
		<id name="communitymemberid" column="communitymemberid" type="int">
			<generator class="increment" />
		</id>
 
 
		<property name="memberid" type="int" column="memberid" />
		<property name="communityid" type="int" column="communityid" />
		<property name="status" type="string" column="status" />
		
		
			</class>
	
</hibernate-mapping>