<?xml version="1.0"?>
            <!DOCTYPE hibernate-mapping PUBLIC
                "-//Hibernate/Hibernate Mapping DTD 3.0//EN"
                "http://hibernate.sourceforge.net/hibernate-mapping-3.0.dtd">
 
<hibernate-mapping>
	<class name="com.dory.deletediscussionforum.DeletediscussionforumBean" table="discussion_forum">
	
		<id name="forumid" column="forumid" type="int">
			<generator class="increment" />
		</id>
		 <property name="startby" type="int" column="startby" />
	<property name="topic" type="string" column="topic" />
	<property name="discreption" type="string" column="discreption" />
	
  <property name="posteddate"  column="posteddate" /> 
	</class>
 
</hibernate-mapping>