<?xml version="1.0" encoding="UTF-8" ?>
<!DOCTYPE log4j:configuration SYSTEM "log4j.dtd">
<!--file created by Sony George, please dont edit with out permission -->
<log4j:configuration>
    <appender name="STDOUT" class="org.apache.log4j.ConsoleAppender">
        <param name="Target" value="System.out" />
        <layout class="org.apache.log4j.PatternLayout">
            <!--<param name="ConversionPattern" value="[%-5p] [%t:%x] %l %m %n"/>-->
            <param name="ConversionPattern" value="(%F:%L) - %m%n"/>
        </layout>
        <filter class="org.apache.log4j.varia.LevelRangeFilter">
            <param name="LevelMin" value="DEBUG"/>
            <param name="LevelMax" value="INFO"/>
        </filter>
    </appender>
    <appender name="STDERR"  class="org.apache.log4j.ConsoleAppender">
        <param name="Target" value="System.err" />
        <layout class="org.apache.log4j.PatternLayout">
            <param name="ConversionPattern" value="[%-5p] [%t:%x] %l %m %n"/>
        </layout>
        <filter class="org.apache.log4j.varia.LevelRangeFilter">
            <param name="LevelMin" value="WARN"/>
            <param name="LevelMax" value="FATAL"/>
        </filter>
    </appender>
    <!--                          -->
    <!-- Declare the JDBC Appender -->
    <!--                          -->
    <!--
    <appender name="JDBC" class="org.apache.log4j.db.DBAppender">
        <connectionSource class="org.apache.log4j.db.DriverManagerConnectionSource">
            <param name="driver" value="oracle.jdbc.OracleDriver"/>
            <param name="url" value="jdbc:oracle:thin:@10.1.1.2:1521:cbmega"/>
            <param name="username" value="log4j" />
            <param name="password" value="log4j" />            
        </connectionSource>
    </appender>
    -->
    <!--                          -->
    <!-- Declare the Daily Rolling File Appender -->
    <!--                          -->
    <appender name="FILE" class="org.apache.log4j.DailyRollingFileAppender">
        <param name="File" value=" E:/workspace/familytree/log/familytree.log"/>
		<param name="DatePattern" value="'.'yyyy-MM-dd"/>
        <param name="Append" value="true"/>
        <layout class="org.apache.log4j.PatternLayout">
            <param name="ConversionPattern" value="[%-5p] [%t:%x] %l %m %n"/>
        </layout>
        <filter class="org.apache.log4j.varia.LevelRangeFilter">
            <param name="LevelMin" value="DEBUG"/><!--later change this to ERROR-->
            <param name="LevelMax" value="FATAL"/>
        </filter>
    </appender>
    <!--                          -->
    <!-- Declare the SMTPAppender -->
    <!--                          
    <appender name="EMAIL"  class="org.apache.log4j.net.SMTPAppender">
        <param name="BufferSize" value="512" />
        <param name="SMTPHost" value="mail.amlaki.com" />
        <param name="From" value="tomcat.errors@amlaki.com" />
        <param name="To" value="anson@dory.com" />
        <param name="Cc" value="anson@dory.com"/>
        <param name="Subject" value="CBMEGA Tomcat [Sony Local] Server Errors"/>
        <layout class="org.apache.log4j.PatternLayout">
            <param name="ConversionPattern" value="%n%n%-5p%n%n(%t:%x)%n%n%l%n%n%m%n%n"/>
        </layout>
        <filter class="org.apache.log4j.varia.LevelRangeFilter">
            <param name="LevelMin" value="ERROR"/>
            <param name="LevelMax" value="FATAL"/>
        </filter>
    </appender>-->
    <!--                           -->
    <!-- setup log4j's root logger -->
    <!--                           -->

    <category name="org.apache">
            <priority value="INFO"/>
    </category>
    <category name="com.dory">
            <priority value="DEBUG"/>
    </category>
    <category name="org.springframework">
            <priority value="INFO"/>
    </category>
    <category name="com.opensymphony">
            <priority value="INFO"/>
    </category>

    <root>
        <level value="all" />
        <appender-ref ref="STDOUT"/>
        <appender-ref ref="STDERR"/>
        <appender-ref ref="FILE"/>
    </root>
</log4j:configuration>
