<?xml version="1.0" encoding="ISO-8859-1" ?>
	 
	
 
	<struts-config>
		 <!-- ========== Form Bean Definitions ================= -->
				
	    <form-beans>
	          
		   <form-bean name="AboutForm1" type="com.dory.aboutme.AboutForm"/>
		   <form-bean name="FamilysearchForm" type="com.dory.familysearch.FamilysearchForm"/>
           
           <form-bean name="FamilydetailsForm" type="com.dory.familydetails.FamilydetailsForm"/>
           
           <form-bean name="FavoritesForm1" type="com.dory.favourites.FavouritesForm"/>
                      
           <form-bean name="ContactsForm1" type="com.dory.contact.ContactsForm"/>
           
           <form-bean name="PersonalForm1" type="com.dory.personal.PersonalForm"/>         
           
           <form-bean name="CreategroupForm1" type="com.dory.mygroup.MygroupForm"/>
           
           <form-bean name="MygroupForm1" type="com.dory.mygroup.MygroupForm"/>
          
           <form-bean name="GroupmemberForm1" type="com.dory.mygroup.GroupmemberForm"/>
                    
           <form-bean name="ProffessionalForm1" type="com.dory.proffessional.ProffessionalForm"/>               
                   
           <form-bean name="ProfileForm1" type="com.dory.memberprofile.ProfileForm"/>
                    
           <form-bean name="NewsletterForm1" type="com.dory.newsletter.NewsletterForm"/>
           <form-bean name="NewsdeleteForm" type="com.dory.newsdelete.NewsdeleteForm"/>
                         
           <form-bean name="CommunityForm1"  type="com.dory.community.CommunityForm"/>
                    
           <form-bean name="LoginForm1" type="com.dory.login.LoginForm"/>
           
           <form-bean name="HouseForm1" type="com.dory.house.HouseForm"/>
           
           <form-bean name="EducationalForm1" type="com.dory.educational.EducationalForm"/>
           
           <form-bean name="UserhomeForm1" type="com.dory.settings.UserhomeForm"/>        
           
           <form-bean name="ReminderForm1" type="com.dory.reminder.ReminderActionForm"/>   
           
           <form-bean name="InvitationForm1" type="com.dory.invitation.InvitationForm"/>   
           
           <form-bean name="ConfidentialForm" type="com.dory.confidential.ConfidentialForm"/>   
           
           <form-bean name="PhotoalbumForm1" type="com.dory.photoalbum.PhotoalbumForm"/>  
           
           <form-bean name="ScrapForm" type="com.dory.scrapbook.ScrapForm"/>
            <form-bean name="DeletediscussionforumForm" type="com.dory.deletediscussionforum.DeletediscussionforumForm"/>
           <form-bean name="BirthdayForm" type="com.dory.birthdayreminder.BirthdayreminderForm"/>
           
           <form-bean name="DiscussionforumForm" type="com.dory.discussionforum.DiscussionforumForm"/>
              
           <form-bean name="FamilyForm1" type="com.dory.familycreation.FamilyForm"/>
             
           <form-bean name="AdvanceForm" type="com.dory.advancesearch.AdvancesearchForm"/>  
           
           <form-bean name="SearchmemberForm" type="com.dory.searchmember.SearchmemberForm"/>  
           
           <form-bean name="SearchgroupForm" type="com.dory.searchgroup.SearchgroupForm"/>  
           
           <form-bean name="SearchcommunityForm" type="com.dory.searchcommunity.SearchcommunityForm"/>  
           
           <form-bean name="TreeForm" type="com.dory.tree.TreeForm"/>  
           
           <form-bean name="AddadoptedchildForm" type="com.dory.addadoptedchild.AddadoptedchildForm"/>
           
           <form-bean name="SuperadminlogineditForm" type="com.dory.superadminloginedit.SuperadminlogineditForm"/>  
           
           <form-bean name="ManageusersForm" type="com.dory.manageallusers.ManageusersForm"/>  
		
		   <form-bean name="BiodataForm" type="com.dory.memberbiodata.BiodataForm"/>

          <form-bean name="ChangepasswordForm" type="com.dory.changepassword.ChangepasswordForm"/>
          <form-bean name="ViewinvitationForm" type="com.dory.invitation.ViewinvitationForm"/>
		 <!-- =========================upesh============================== -->
          <form-bean name="DisplayinvitationForm" type="com.dory.displayinvitation.DisplayinvitationForm"/>
           <!-- =========================upesh============================== --> 
           
          <form-bean name="OthermemberForm" type="com.dory.othermember.OthermemberForm"/>  
          <form-bean name="OthermemberpersonalForm" type="com.dory.othermember.OthermemberpersonalForm"/>
          <form-bean name="OthermembercontactForm" type="com.dory.othermember.OthermembercontactForm"/>    
		  <form-bean name="OthermembereduForm" type="com.dory.othermember.OthermembereduForm"/>
		  <form-bean name="OthermemberprofessionForm" type="com.dory.othermember.OthermemberprofessionForm"/> 
		  <form-bean name="OthermemberconfidentialForm" type="com.dory.othermember.OthermemberconfidentialForm"/> 
		  <form-bean name="OthermemberfavouriteForm" type="com.dory.othermember.OthermemberfavouriteForm"/> 
		  <form-bean name="OthermemberaboutmeForm" type="com.dory.othermember.OthermemberaboutmeForm"/> 
		  <form-bean name="OthermemberhouseForm" type="com.dory.othermember.OthermemberhouseForm"/>
		  <form-bean name="OthermemberscrapForm" type="com.dory.othermember.OthermemberscrapForm"/>
		  
		 
		   <!-- =========================upesh============================== -->    
		 <!-- =========================community request============================== -->   
		 <form-bean name="ViewrequestForm" type="com.dory.community.ViewrequestForm"/>
		 <!-- =========================community request============================== -->   
		 
		 
		 
		 
		  <form-bean name="AddparentForm" type="com.dory.addparents.AddparentForm"/>
		  <form-bean name="UsernameForm" type="com.dory.addparents.UsernameForm"/>
		  <form-bean name="MembersearchForm" type="com.dory.addparents.MembersearchForm"/>
		  <form-bean name="GetmemberForm" type="com.dory.addparents.GetmemberForm"/>  
                  <form-bean name="OthermemberbiodataForm" type="com.dory.othermember.OthermemberbiodataForm"/>



                   <form-bean name="FamilymanageForm" type="com.dory.familymanage.FamilymanageForm"/>
                   <form-bean name="FamilymembersForm" type="com.dory.familymanage.FamilymembersForm"/>



                <form-bean name="DeletememberForm" type="com.dory.deletemember.DeletememberForm"/>
		</form-beans>
 
 
	    <global-exceptions>  
	    
	    </global-exceptions>
	    <global-forwards>
			 
	    </global-forwards>
	 <!-- ========== Action Mapping Definitions ============ -->

		<action-mappings>     
	
	<action   path="/aboutInst" type="com.dory.aboutme.AboutAction" name="AboutForm1" input="/aboutme.jsp" scope="request">	
	<forward name="correct" path="/userhome.jsp"/>  
	<forward name="aboutme" path="/aboutme.jsp"/>           
	<forward name="failure" path="/WEB-INF/pages/error.jsp"/>          
	</action>
	
	<action   path="/searchfamily" type="com.dory.familysearch.FamilysearchAction" name="FamilysearchForm" input="/familyhome.jsp" scope="request" parameter="method">	
	<forward name="success" path="/familydetailshome.jsp"/>  
	<forward name="failure" path="/WEB-INF/pages/error.jsp"/>  
	<forward name="family" path="/familydisplay.jsp"/>  
	<forward name="view" path="/otherfamilymembers.jsp"/>        
	</action>
		
	<action   path="/favouriteInst" type="com.dory.favourites.FavouritesAction" name="FavoritesForm1" input="/favourites.jsp" scope="request">	
	<forward name="correct" path="/memberprofile.jsp"/>
	<forward name="favourite" path="/favourites.jsp"/>            
	<forward name="failure" path="/WEB-INF/pages/error.jsp"/>          
	</action>
		
	<action   path="/contactInst" type="com.dory.contact.ContactsAction" name="ContactsForm1" input="/contacts.jsp" scope="request">	
	<forward name="correct" path="/memberprofile.jsp"/> 
	<forward name="contact" path="/contacts.jsp"/>           
	<forward name="failure" path="/WEB-INF/pages/error.jsp"/>          
	</action>
		
	<action   path="/personalInst" type="com.dory.personal.PersonalAction" name="PersonalForm1" input="/personal.jsp" scope="request">	
	<forward name="correct" path="/memberprofile.jsp"/>    
	<forward name="personal" path="/personal.jsp"/>           
	<forward name="failure" path="/WEB-INF/pages/error.jsp"/>          
	</action>
	 <!-- ==============group=================== -->
	<action   path="/creategroupInst" type="com.dory.mygroup.MygroupAction" name="CreategroupForm1" input="/creategroup.jsp" scope="request">	
	<forward name="mygroup" path="/mygrouphome.jsp"/>          
	<forward name="failure" path="/WEB-INF/pages/error.jsp"/>          
	</action>
	
	
	 <action   path="/groupAction" type="com.dory.mygroup.MygroupAction" name="MygroupForm1" input="/userhome.jsp" scope="request">
    <forward name="mygroup" path="/mygrouphome.jsp"/>           
    <forward name="failure" path="/WEB-INF/pages/failure.jsp"/>          
    </action>  
 
 <action   path="/groupMember" type="com.dory.mygroup.GroupmembersAction" name="GroupmemberForm1" input="/mygrouphome.jsp" scope="request">
    <forward name="groupmember" path="/viewgroupmembers.jsp"/>   
    <forward name="mygroup" path="/mygrouphome.jsp"/>            

    <forward name="failure" path="/WEB-INF/pages/failure.jsp"/>          
    </action>
	
	<action   path="/displaygroup" type="com.dory.mygroup.MygroupAction" name="MygroupForm1" input="/memberprofile.jsp" scope="request">
    <forward name="mygroup" path="/mygrouphome.jsp"/>           
    <forward name="failure" path="/WEB-INF/pages/failure.jsp"/>          
    </action>		
		 <!-- ================================= -->
	<!-- ===============proffessional============ -->
	<action   path="/proffessionalInst" type="com.dory.proffessional.ProffessionalAction" name="ProffessionalForm1" input="/proffessional.jsp" scope="request">
    <forward name="proffessional" path="/proffessional.jsp"/>      
    <forward name="correct" path="/memberprofile.jsp"/>
    <forward name="edit" path="/proffessional.jsp"/> 
    <forward name="update" path="/memberprofile.jsp"/> 
    <forward name="failure" path="/WEB-INF/pages/failure.jsp"/>          
    </action>
<!-- ================================= -->
    
    <action   path="/profileInst" type="com.dory.profile.ProfileAction" name="ProfileForm1" input="/profile.jsp" scope="request">
    <forward name="correct" path="/WEB-INF/pages/check.jsp"/>           
    <forward name="failure" path="/WEB-INF/pages/failure.jsp"/>          
    </action>		
		
	 <!-- ============newsletter ===================== -->
	<action   path="/newsletterInst" type="com.dory.newsletter.NewsletterAction" name="NewsletterForm1" input="/newsletter.jsp" scope="request">
    <forward name="news" path="/userhome.jsp"/> 
    <forward name="correct" path="/memberprofile.jsp"/>           
    <forward name="failure" path="/WEB-INF/pages/failure.jsp"/>          
    </action>	
        
    <action   path="/newsletter" type="com.dory.newsletter.NewsletterAction" name="NewsletterForm1" input="/newsletter.jsp" scope="request">
    <forward name="news" path="/userhome.jsp"/>    
    <forward name="fullnews" path="/fullnews.jsp"/>  
    <forward name="detailednews" path="/detailedNews.jsp"/>  
    <forward name="failure" path="/WEB-INF/pages/failure.jsp"/>          
    </action>
    
     <!-- ====johnson=========== -->
    <action input="/userhome.jsp" name="NewsdeleteForm" path="/deletenews" scope="request" type="com.dory.newsdelete.NewsdeleteAction" parameter="method">
    <forward name="newsdelete" path="/Deletenews.jsp"/> 
    <forward name="failure" path="/failure.jsp"/>         
    </action> 
  
    <!-- ================================= -->
    
    
    
    
  
    <!-- ================================= -->
    
    <!-- ========== COMMUNITY ============ -->
    
      <action   path="/createcommunityInst" type="com.dory.community.CommunityAction" name="CommunityForm1" input="/createcommunity.jsp" scope="request">
    <forward name="communityhome" path="/communityhome.jsp"/>           
    <forward name="failure" path="/WEB-INF/pages/failure.jsp"/>          
    </action>
       
    <action   path="/communityredirect" type="com.dory.community.CommunityAction" name="CommunityForm1" input="/communityhomeuser.jsp" scope="request">
    <forward name="communityhome" path="/communityhome.jsp"/>           
    <forward name="failure" path="/WEB-INF/pages/failure.jsp"/>          
    </action> 
        
    <action   path="/community" type="com.dory.community.CommunityAction" name="CommunityForm1" input="/memberprofile.jsp" scope="request">
    <forward name="community" path="/communityhomeuser.jsp"/>   
    <forward name="joining" path="/communityhome.jsp"/>        
    <forward name="failure" path="/WEB-INF/pages/failure.jsp"/>          
    </action>
     
     
     <action   path="/community1" type="com.dory.community.CommunityrequestAction" name="ViewrequestForm" input="/viewrequests.jsp" scope="request" parameter="method">	   
	<forward name="community" path="/viewrequests.jsp"/>           
	<forward name="failure" path="/WEB-INF/pages/error.jsp"/>          
	</action>
            
    <!-- ================================= -->
    
    <!-- ========== BIRTHDAY REMINDER ============ -->
    
    <action name="BirthdayForm" path="/birthremind" scope="request" type="com.dory.birthdayreminder.BirthdayreminderAction">
    <forward name="birthdayreminder" path="/userhome.jsp"/>  
    <forward name="failure" path="/WEB-INF/pages/failure.jsp"/>          
    </action>
    
    <!-- ================================= -->
    
   <!-- ========== LOGIN ============ -->
    
    <action input="/login.jsp" name="LoginForm1" path="/login" scope="request" type="com.dory.login.LoginAction">
    <forward name="user" path="/birthremind.do?action=display"/>  
    <forward name="sadmin" path="/birthremind.do?action=display"/>  
    <forward name="madmin" path="/madminhome.jsp"/>           
    <forward name="failure" path="/login.jsp"/>  
    <forward name="lout" path="/login.jsp"/>        
    </action>
    
    <!-- ================================= -->
    
    <action input="/userhome.jsp" name="UserhomeForm1" path="/userhome" scope="request" type="com.dory.settings.UserhomeAction">
	<forward name="scrapbook" path="/scrapbook.jsp"/>
	<forward name="failure" path="/failure.jsp"/>
	</action>
    
    <action   path="/houseInst" type="com.dory.house.HouseAction" name="HouseForm1" input="/house.jsp" scope="request">
    <forward name="correct" path="/memberprofile.jsp"/>   
    <forward name="house" path="/house.jsp"/>            
    <forward name="failure" path="/WEB-INF/pages/failure.jsp"/>          
    </action>
    
    <action path="/houseAction" type="com.dory.house.HouseAction" name="HouseForm1" input="/userhome.jsp" scope="request">
    <forward name="house" path="/house.jsp"/>
    <forward name="correct" path="/memberprofile.jsp"/>
    <forward name="failure" path="/WEB-INF/pages/failure.jsp"/>
    </action>
	 <!-- ===============reminder================== -->
	  <action input="/reminderset.jsp" name="ReminderForm1" path="/reminder" scope="request" type="com.dory.reminder.ReminderAction">
      <forward name="success" path="/userhome.jsp"/>           
      <forward name="detailedrem" path="/detailedrem.jsp"/> 
      <forward name="edit" path="/reminderset.jsp"/>   
      <forward name="display" path="/reminderset.jsp"/>  
      <forward name="failure" path="/WEB-INF/pages/failure.jsp"/>          
      </action> 
	 <!-- ================================= -->
	  <!-- =============educational==================== -->
	 <action   path="/educationalInst" type="com.dory.educational.EducationalAction" name="EducationalForm1" input="/educational.jsp" scope="request">
    <forward name="correct" path="/memberprofile.jsp"/> 
    <forward name="edit" path="/educational.jsp"/> 
    <forward name="update" path="/memberprofile.jsp"/>   
     <forward name="educational" path="/educational.jsp"/>  
              
    <forward name="failure" path="/WEB-INF/pages/failure.jsp"/>          
    </action>
     <!-- ================================= -->
     <!-- ===============member profile================= -->
    <action input="/profile.jsp" name="ProfileForm1" path="/profileInst" scope="request" type="com.dory.memberprofile.ProfileAction">
    <forward name="correct" path="/login.jsp"/> 
    <forward name="profile" path="/profile.jsp"/>           
    <forward name="failure" path="/WEB-INF/pages/failure.jsp"/>          
    </action>
     <!-- ============invitation===================== -->
    
     <action input="/invitation.jsp" name="InvitationForm1" path="/invitationInst" scope="request" type="com.dory.invitation.InvitationAction">
    <forward name="correct" path="/userhome.jsp"/> 
    <forward name="displaygroups" path="/invitation.jsp"/> 
    <forward name="displayfamily" path="/invitation.jsp"/> 
    <forward name="profile" path="/profile.jsp"/>           
    <forward name="failure" path="/WEB-INF/pages/failure.jsp"/>          
        </action>
        
        
        <action input="/invitation.jsp" name="ViewinvitationForm" path="/invitationInst1" scope="request" type="com.dory.invitation.ViewinvitationAction">
    <forward name="correct" path="/userhome.jsp"/> 
    <forward name="display" path="/viewinvitation.jsp"/> 
    <forward name="displayfamily" path="/invitation.jsp"/> 
    <forward name="profile" path="/profile.jsp"/>           
    <forward name="failure" path="/WEB-INF/pages/failure.jsp"/>          
    </action>
        
        
     <!-- ================================= -->
     
    <!-- ==============confidential=================== -->
    <action path="/confidntinal" name="ConfidentialForm" type="com.dory.confidential.ConfidentialAction" scope="request" input="/memberprofile.jsp" parameter="method" >
      <forward name="success" path="/confidential.jsp"/>
      <forward name="failure" path="/failure.jsp"/>
      <forward name="updateg" path="/confidential.jsp"/>
      <forward name="editing" path="/memberprofile.jsp"/>
      <forward name="editmain" path="/confidentialedit.jsp"/>
      <forward name="display" path="/confidentialedit.jsp"/>
      <forward name="aaaaaaaaa" path="/memberprofile.jsp"/>
      </action> 
     <!-- ================================= -->
     
      <!-- ==============photoalbum=================== -->
    <action input="/photoalbumhome.jsp" name="PhotoalbumForm1" path="/photoview" scope="request" type="com.dory.photoalbum.PhotoalbumAction">
    <forward name="photoalbum" path="/hello.jsp"/> 
    <forward name="profile" path="/profile.jsp"/>         
    <forward name="memberprofile" path="/memberprofile.jsp"/>          
    <forward name="failure" path="/WEB-INF/pages/failure.jsp"/>          
    </action>
     <!-- ================================= -->
    <!-- ========== SCRAP BOOK ============ -->
    	
	<action input="/scrapbook.jsp" name="ScrapForm" path="/scrapbook" scope="request" type="com.dory.scrapbook.ScrapAction">
	<forward name="success" path="/scrapbook.jsp"/>
	<forward name="scrapbook" path="/scrapbook.jsp"/>
	<forward name="reply" path="/scrapbook.jsp"/>
	<forward name="failure" path="/failure.jsp"/>
	</action>
	<!-- ================================== -->
    
   <!-- ========== DISCUSSION FORUM ============ -->
    
    <action input="/creatediscussion.jsp" name="DiscussionforumForm" path="/creatediscussion" scope="request" type="com.dory.discussionforum.DiscussionforumAction">
    <forward name="correct" path="/discussionforum.jsp"/>  
    <forward name="failure" path="/failure.jsp"/>         
    </action>
  
  
    <action input="/discussionforum.jsp" name="DiscussionforumForm" path="/discussion" scope="request" type="com.dory.discussionforum.DiscussionforumAction">
    <forward name="correct" path="/discussionforum.jsp"/>
    <forward name="dis" path="/discussionforum.jsp"/>
    <forward name="discussiondiscription" path="/discussionreplay.jsp"/> 
       <forward name="deletedis" path="/discussionforum.jsp"/>        
    <forward name="failure" path="/failure.jsp"/>          
    </action>

   
    <action input="/discussionreplay.jsp" name="DiscussionforumForm" path="/discussionreplay" scope="request" type="com.dory.discussionforum.DiscussionforumAction">
    <forward name="correct" path="/discussionreplay.jsp"/> 
      <forward name="deletedis" path="/discussionforum.jsp"/> 
    <forward name="failure" path="/failure.jsp"/>         
    </action> 
    
     <!-- ====johnson=========== -->
      <action input="/userhome.jsp" name="DeletediscussionforumForm" path="/deletediscussion" scope="request" type="com.dory.deletediscussionforum.DeletediscussionforumAction" parameter="method">
    <forward name="discussiondelete" path="/Discussionforumdelete.jsp"/> 
    <forward name="failure" path="/failure.jsp"/>         
    </action> 
    <!-- ================================== -->
    
     <!-- ====johnson=========== -->
      <action input="/familyhome.jsp" name="FamilydetailsForm" path="/familydetails" scope="request" type="com.dory.familydetails.FamilydetailsAction" parameter="method">
    <forward name="family" path="/familydetails.jsp"/>
    <forward name="home" path="/family.do?actionforname=familyname"/>
    <forward name="failure" path="/failure.jsp"/>         
    </action> 
    <!-- ================================== -->
    
    
     <!-- ===============familycreation=================== -->
      <action   path="/familyInst" type="com.dory.familycreation.FamilyAction" name="FamilyForm1" input="/family.jsp" scope="request">
    <forward name="correct" path="/familyhome.jsp"/>  
    
              
    <forward name="failure" path="/WEB-INF/pages/failure.jsp"/>          
    </action>
          
     
      <!-- ================================== -->
      
      <!-- ========== ADVANCE SEARCH ============ -->
    
    <action name="AdvanceForm" path="/advancesearch" input="advancesearch.jsp" scope="request" type="com.dory.advancesearch.AdvancesearchAction">
    <forward name="success" path="/advancesearch.jsp"/>  
     <forward name="ddd" path="/groupmembersearch.jsp"/>  
    <forward name="failure" path="/WEB-INF/pages/failure.jsp"/>          
    </action>
    
    <!-- ================================= -->
    
    
    <!-- ==========  Super admin search ============ -->
    
    <action name="ManageusersForm" path="/supersearch" input="manageallusers.jsp" scope="request" type="com.dory.manageallusers.ManageusersAction">
    <forward name="success" path="/manageallusers.jsp"/>  
      <forward name="userhome" path="/userhome.jsp"/>  
     
    <forward name="failure" path="/WEB-INF/pages/failure.jsp"/>          
    </action>
    
    <!-- ================================= -->
    
    
    
    
    
    
     <!-- ==========  SEARCH member ============ -->
    
    <action name="SearchmemberForm" path="/searchmember" input="userhome.jsp" scope="request" type="com.dory.searchmember.SearchmemberAction">
    <forward name="success" path="/userhome.jsp"/>  
     <forward name="ddd" path="/groupmembersearch.jsp"/>  
    <forward name="failure" path="/WEB-INF/pages/failure.jsp"/>          
    </action>
    
    <!-- ================================= -->
    
    
    <!-- ==========  SEARCH group============ -->
    
    <action name="SearchgroupForm" path="/searchgroup" input="mygrouphome.jsp" scope="request" type="com.dory.searchgroup.SearchgroupAction">
    <forward name="success" path="/mygrouphome.jsp"/>  
     <forward name="ddd" path="/groupmembersearch.jsp"/>  
    <forward name="failure" path="/WEB-INF/pages/failure.jsp"/>          
    </action>
    
    <!-- ================================= -->
    
     <!-- ==========  SEARCH community============ -->
    
    <action name="SearchcommunityForm" path="/searchcommunity" input="communityhomeuser.jsp" scope="request" type="com.dory.searchcommunity.SearchcommunityAction">
    <forward name="success" path="/communityhomeuser.jsp"/>  
     <forward name="ddd" path="/groupmembersearch.jsp"/>  
    <forward name="failure" path="/WEB-INF/pages/failure.jsp"/>          
    </action>
    
    <!-- ================================= -->
     <!-- ==========  superadmin login edit============ -->
    
    <action name="SuperadminlogineditForm" path="/displaypassword" input="editlogindetails.jsp" scope="request" type="com.dory.superadminloginedit.SuperadminlogineditAction">
    <forward name="superadmin" path="/editlogindetails.jsp"/> 
    <forward name="control" path="/controlpannel.jsp"/> 
     <forward name="ddd" path="/groupmembersearch.jsp"/>  
    <forward name="failure" path="/WEB-INF/pages/failure.jsp"/>          
    </action>
    
    <!-- ================================= -->
    
   <!-- ========== FAMILY DETAILS ============ -->
    
    <action name="TreeForm" path="/family" scope="request" type="com.dory.tree.TreeAction">

    <forward name="success" path="/familymembers.jsp"/>  
     <forward name="familyname" path="/familyhome.jsp"/>
     <forward name="familyadmin" path="/familyadminhome.jsp"/>
      <forward name="familyadminadd" path="/familyadminaddmembers.jsp"/> 
    <forward name="failure" path="/WEB-INF/pages/failure.jsp"/>          
    </action>
    
    <action name="TreeForm" path="/addmember" scope="request" type="com.dory.tree.TreeAction">
    <forward name="success" path="/familymembers.jsp"/>  
    <forward name="mother" path="/addchild.jsp"/>
    <forward name="mother2" path="/adminaddchild.jsp"/>
    <forward name="child" path="/addchild.jsp"/>
    <forward name="partner" path="/addpartner.jsp"/>
    <forward name="ajax" path="/adminaddpartner.jsp"/>
    <forward name="familyadmin" path="/familyadminhome.jsp"/>
    <forward name="siblng" path="/addpartner.jsp"/>
    <forward name="siblng2" path="/adminaddpartner.jsp"/>
    <forward name="failure" path="/WEB-INF/pages/failure.jsp"/>          
    </action>
    
    <!-- ================================= -->
    
      <!-- ==========  DISPLAY Invitation ============ -->
    
    <action   path="/displayinvitation" type="com.dory.displayinvitation.DisplayinvitationAction" name="DisplayinvitationForm" parameter="method" input="/displayinvitation.jsp" scope="request">	
	<forward name="success" path="/displayinvitation.jsp"/>    
	<forward name="invitation" path="/fullinvitation.jsp"/>  
	<forward name="user" path="/userhome.jsp"/>          
	<forward name="failure" path="/WEB-INF/pages/error.jsp"/>          
	</action>
    <!-- ================================= -->
    
    
     <!-- ==========  Other Member Profile  ============ -->
     
    <action   path="/othermemberpersonal" type="com.dory.othermember.OthermemberpersonalAction" name="OthermemberpersonalForm" input="/othermemberpersonal.jsp" scope="request">	   
	<forward name="otherpersonal" path="/othermemberpersonal.jsp"/>           
	<forward name="failure" path="/WEB-INF/pages/error.jsp"/>          
	</action>
     
     
    <action   path="/othermembercontact" type="com.dory.othermember.OthermembercontactAction" name="OthermembercontactForm" input="/othermembercontact.jsp" scope="request">	   
	<forward name="othercontact" path="/othermembercontact.jsp"/>           
	<forward name="failure" path="/WEB-INF/pages/error.jsp"/>          
	</action>
    
<action path="/othermemberscrap" type="com.dory.othermember.OthermemberscrapAction" name="OthermemberscrapForm" input="/othermemberscrap.jsp" scope="request">
<forward name="scrapbook" path="/othermemberscrap.jsp"/>
<forward name="failure" path="/WEB-INF/pages/error.jsp"/>
</action>    

    <action   path="/othermembereducation" type="com.dory.othermember.OthermembereduAction" name="OthermembereduForm" input="/othermembereducation.jsp" scope="request">	   
	<forward name="othereducation" path="/othermembereducation.jsp"/>           
	<forward name="failure" path="/WEB-INF/pages/error.jsp"/>          
	</action>
    
    
    <action   path="/othermemberprofession" type="com.dory.othermember.OthermemberprofessionAction" name="OthermemberprofessionForm" input="/othermembereducation.jsp" scope="request">	   
	<forward name="otherprofession" path="/othermemberprofessional.jsp"/>           
	<forward name="failure" path="/WEB-INF/pages/error.jsp"/>          
	</action>
	
	<action   path="/othermemberconfidential" type="com.dory.othermember.OthermemberconfidentialAction" name="OthermemberconfidentialForm" input="/othermemberconficential.jsp" scope="request">	   
	<forward name="otherconfidential" path="/otherconfidential.jsp"/>           
	<forward name="failure" path="/WEB-INF/pages/error.jsp"/>          
	</action>
    
    <action   path="/othermemberfavourite" type="com.dory.othermember.OthermemberfavouriteAction" name="OthermemberfavouriteForm" input="/otherfavourites.jsp" scope="request">	   
	<forward name="otherfavourite" path="/otherfavourites.jsp"/>           
	<forward name="failure" path="/WEB-INF/pages/error.jsp"/>          
	</action>
	
	<action   path="/othermemberaboutme" type="com.dory.othermember.OtheraboutmeAction" name="OthermemberaboutmeForm" input="/othermemberaboutme.jsp" scope="request">	   
	<forward name="otheraboutme" path="/othermemberaboutme.jsp"/>           
	<forward name="failure" path="/WEB-INF/pages/error.jsp"/>          
	</action>
	
	<action   path="/othermemberhouse" type="com.dory.othermember.OthermemberhouseAction" name="OthermemberhouseForm" input="/othermemberhouse.jsp" scope="request">	   
	<forward name="otherhouse" path="/othermemberhouse.jsp"/>           
	<forward name="failure" path="/WEB-INF/pages/error.jsp"/>          
	</action>
	
	<!-- ============================================================ -->
	
	<!-- ===============Add adopted Child=================== -->
    <action   path="/addadopted" type="com.dory.addadoptedchild.AddadoptedchildAction" name="AddadoptedchildForm" input="/familymembers.jsp" scope="request" parameter="method">    
    <forward name="adopt" path="/addadoptedchild.jsp"/> 
       <forward name="username" path="/addadopted.do?method=displyspouse"/>
    <forward name="success" path="/familymembers.jsp"/> 
    <forward name="failure" path="/WEB-INF/pages/failure.jsp"/>          
    </action>
      <!-- ================================== -->
	
	
	
      <!-- ==========  redirect  ============ -->
    
    <action   path="/redirect" type="com.dory.othermember.OthermemberAction" name="OthermemberForm" parameter="method" input="/advancesearch.jsp" scope="request">	
	<forward name="correct" path="/othermemberprofile.jsp"/>          
	<forward name="failure" path="/WEB-INF/pages/error.jsp"/>          
	</action>
    <!-- ================================= -->
	
	   <!-- ============biodata===================== -->
	<action path="/biodata" type="com.dory.memberbiodata.BiodataAction" name="BiodataForm" input="/memberbiodata.jsp" scope="request">
    <forward name="correct" path="/memberprofile.jsp"/>
    <forward name="biodata" path="/memberbiodata.jsp"/>
    <forward name="failure" path="/WEB-INF/pages/error.jsp"/>
    </action>
   <!-- ==================biodata============== -->
    
      <!-- ================change user password================ -->
    <action path="/changepassword" type="com.dory.changepassword.ChangepasswordAction" name="ChangepasswordForm" input="/changepassword.jsp" scope="request">
    <forward name="correct" path="/changepassword.jsp"/>
    <forward name="failure" path="/WEB-INF/pages/error.jsp"/>
    </action>
       <!-- ==============change user password================== -->
        <!-- ==============add parent================== -->
	
	 <action path="/parentaction" type="com.dory.addparents.AddparentAction" name="AddparentForm" input="/madminhome.jsp" scope="request">
    <forward name="addparent" path="/addparent.jsp"/>
    <forward name="home" path="/madminhome.jsp"/>
    <forward name="failure" path="/WEB-INF/pages/error.jsp"/>
    <forward name="addparent1" path="/parentlogin.jsp"/>
    </action>
	

     <action path="/membersearch" type="com.dory.addparents.MembersearchAction" name="MembersearchForm" input="/searchmember.jsp" scope="request">
     <forward name="success" path="/searchmember.jsp"/>
     <forward name="failure" path="/WEB-INF/pages/error.jsp"/>
     </action>


	<action   path="/puseraction" type="com.dory.addparents.UsernameAction" name="UsernameForm" input="/parentlogin.jsp" scope="request">	
	<forward name="parent" path="/parentaction.do?action=hide"/>                
	<forward name="failure" path="/WEB-INF/pages/error.jsp"/> 
	<forward name="username" path="/parentlogin.jsp"/>        
	</action>


	<action   path="/parent" type="com.dory.addparents.GetmemberAction" name="GetmemberForm" input="/madminhome.jsp" scope="request">	
	<forward name="parent" path="/madminhome.jsp"/>          
	<forward name="login" path="/login.jsp"/>            
	<forward name="failure" path="/WEB-INF/pages/error.jsp"/>          
	</action>


<action path="/othermemberbiodata" type="com.dory.othermember.OthermemberbiodataAction" name="OthermemberbiodataForm" input="/othermemberbiodata.jsp" scope="request">
<forward name="biodata" path="/othermemberbiodata.jsp"/>
<forward name="failure" path="/WEB-INF/pages/error.jsp"/>
</action>



<action path="/familysearch" type="com.dory.familymanage.FamilymanageAction" name="FamilymanageForm" input="/superadminviewfamily.jsp" scope="request">
<forward name="success" path="/superadminviewfamily.jsp"/>
<forward name="failure" path="/WEB-INF/pages/error.jsp"/>
</action>
<action path="/superviewfamilymembers" type="com.dory.familymanage.AdminviewfamilyAction" name="FamilymembersForm" scope="request">
<forward name="members" path="/superadminviewmembers.jsp"/>
<forward name="admin" path="/controlpannel.jsp"/>
<forward name="failure" path="/WEB-INF/pages/error.jsp"/>
</action>


	
	   <!-- ==============add parent================== -->
	
 <action path="/deletemember" type="com.dory.deletemember.DeletememberAction" name="DeletememberForm" input="/superadmindeletemembers.jsp" scope="request">
<forward name="member" path="/superadmindeletemembers.jsp"/>
<forward name="control" path="/controlpannel.jsp"/>
<forward name="failure" path="/WEB-INF/pages/error.jsp"/>
</action>

 <!-- ========== SCRAP BOOK ============ -->
    	
	<action input="/scrapbook.jsp" name="ScrapForm" path="/scrapbook" scope="request" type="com.dory.scrapbook.ScrapAction">
	<forward name="success" path="/scrapbook.jsp"/>
	<forward name="scrapbook" path="/scrapbook.jsp"/>
	<forward name="reply" path="/scrapbook.jsp"/>
	<forward name="failure" path="/failure.jsp"/>
	</action>
	<!-- ================================== -->

    <!-- ========================================upesh===================================== -->
    
    
	</action-mappings>
    <message-resources parameter="resource.MessageResource"></message-resources>
	
	</struts-config>
