<?xml version="1.0" encoding="UTF-8"?>
            <!DOCTYPE hibernate-mapping PUBLIC
                "-//Hibernate/Hibernate Mapping DTD 3.0//EN"
                "http://hibernate.sourceforge.net/hibernate-mapping-3.0.dtd">
 
<hibernate-mapping>
	<class name="com.dory.displayinvitation.DisplayinvitationBean" table="receipients_of_invitation">
	
		<id name="receivinvitationid" column="receivinvitationid" type="int">
			<generator class="increment" />
		</id>
		
	<property name="invitationid" type="integer" column="invitationid" />
		<property name="sentto" type="int" column="sentto" />
	<property name="status" type="string" column="status" />
	</class>
 
</hibernate-mapping>

