<?xml version="1.0" encoding="UTF-8"?>
            <!DOCTYPE hibernate-mapping PUBLIC
                "-//Hibernate/Hibernate Mapping DTD 3.0//EN"
                "http://hibernate.sourceforge.net/hibernate-mapping-3.0.dtd">
 
<hibernate-mapping>
	<class name="com.dory.displayinvitation.InvitationBean1" table="invitations">
	
		<id name="invitationid" column="invitationid" type="int">
			<generator class="increment" />
		</id>
		
	<property name="memberid" type="int" column="memberid" />
		<property name="subject" type="string" column="subject" />
	<property name="invitation" type="string" column="data" />
	<property name="invitationdate" type="string" column="sentdate" />
	</class>
 
</hibernate-mapping>

