<?xml version="1.0"?>
            <!DOCTYPE hibernate-mapping PUBLIC
                "-//Hibernate/Hibernate Mapping DTD 3.0//EN"
                "http://hibernate.sourceforge.net/hibernate-mapping-3.0.dtd">
 
<hibernate-mapping>
	<class name="com.dory.personal.PersonalBean" table="member_personal_detail">
	
		<id name="personalid" column="personalid" type="int">
			<generator class="increment" />
		</id>
		
	<property name="memberid" type="int" column="memberid" />
		<property name="height" type="string" column="height" />
	<property name="weight" type="string" column="weight" />
	<property name="religion" type="string" column="religion" />
	<property name="language" type="string" column="languages" />
	<property name="bloodgroup" type="string" column="bloodgroup" />
	<property name="visibility" type="string" column="visibility" />
	<property name="remark" type="string" column="remark" />
	<property name="maritalstatus" type="integer" column="maritalstatus" />
	
	</class>
 
</hibernate-mapping>