<?xml version="1.0"?>
            <!DOCTYPE hibernate-mapping PUBLIC
                "-//Hibernate/Hibernate Mapping DTD 3.0//EN"
                "http://hibernate.sourceforge.net/hibernate-mapping-3.0.dtd">
 
<hibernate-mapping>
	<class name="com.dory.confidential.ConfidentialBean" table="confidential_perminant_fields">
				
		<id name="confidentialperid" column="confidentialperid" type="int">
			<generator class="increment" />
		</id>
	<property name="memberid" type="integer" column="memberid" />
	<property name="passportno" type="string" column="passportno" />
	<property name="licenceno" type="string" column="licenceno" />
	<property name="bankaccountno" type="string" column="bankaccountno" />
	<property name="votersid" type="string" column="votersid" />
	<property name="pancardno" type="string" column="pancardno" />
	</class>
</hibernate-mapping>