<?xml version="1.0"?>
            <!DOCTYPE hibernate-mapping PUBLIC
                "-//Hibernate/Hibernate Mapping DTD 3.0//EN"
                "http://hibernate.sourceforge.net/hibernate-mapping-3.0.dtd">
 
<hibernate-mapping>
	<class name="com.dory.confidential.ConfidentialmainBean" table="confidential_datas">
	
		<id name="confidentialid" column="confidentialid" type="int">
			<generator class="increment" />
		</id>
		
	<property name="memberid" type="integer" column="memberid" />
		<property name="itemname" type="string" column="itemname" />
	<property name="itemvalue" type="string" column="itemvalue" />
	<property name="remark" type="string" column="remark" />
	
	</class>
 
</hibernate-mapping>