<?xml version="1.0"?>
            <!DOCTYPE hibernate-mapping PUBLIC
                "-//Hibernate/Hibernate Mapping DTD 3.0//EN"
                "http://hibernate.sourceforge.net/hibernate-mapping-3.0.dtd">
 
<hibernate-mapping>
	<class name="com.dory.discussionforum.DiscussionreplyBean" table="discussion_forum_reply">
	
		<id name="forumreplyid" column="forumreplyid" type="int">
			<generator class="increment" />
		</id>
	<property name="forumid" type="int" column="forumid" />
	<property name="replytext" type="string" column="replytext" />
	<property name="replypostedby" type="int" column="replypostedby" />
	<property name="replyposteddate" column="replyposteddate" /> 
	</class>
 
 </hibernate-mapping>